Date,Price,Date2,Open,High,Low,Close price,Vol.,Change %,Column1,Volatility,Daily Volatility,,,,,,,,,,,,,,,,,,,,,,,,
"Feb 26, 2021","3,809.25","Feb 26, 2021","3,823.25","3,858.50","3,785.00","3,809.25",3.01M,-0.49%,0.5%,$73.50,1.92%,,,,,,,,,,,,,,,,,,,,,,,,
"Feb 25, 2021","3,809.25","Feb 25, 2021","3,923.50","3,934.50","3,810.25","3,809.25",2.86M,-2.41%,2.4%,$124.25,3.17%,,,,,,,,,,,,,,,,,,,,,,,,
"Feb 24, 2021","3,809.25","Feb 24, 2021","3,876.25","3,927.75","3,851.75","3,809.25",1.94M,1.15%,1.2%,$76.00,1.96%,,,,,,,,,,,,,,,,,,,,,,,,
"Feb 23, 2021","3,809.25","Feb 23, 2021","3,878.00","3,896.00","3,804.75","3,809.25",2.28M,0.12%,0.1%,$91.25,2.35%,,,,,,,,,,,,,,,,,,,,,,,,
"Feb 22, 2021","3,809.25","Feb 22, 2021","3,905.50","3,914.50","3,861.25","3,809.25",1.51M,-0.76%,0.8%,$53.25,1.36%,,,,,,,,,,,,,,,,,,,,,,,,
"Feb 19, 2021","3,809.25","Feb 19, 2021","3,910.50","3,931.00","3,890.25","3,809.25",1.43M,-0.17%,0.2%,$40.75,1.04%,,,,,,,,,,,,,,,,,,,,,,,,
"Feb 18, 2021","3,809.25","Feb 18, 2021","3,928.25","3,936.00","3,880.50","3,809.25",1.54M,-0.47%,0.5%,$55.50,1.41%,,,,,,,,,Results,,,,,,,,,,,,,,,
"Feb 17, 2021","3,809.25","Feb 17, 2021","3,929.00","3,932.25","3,896.50","3,809.25",1.38M,0.01%,0.0%,$35.75,0.91%,,,Highest price ever,"$3,959.25",,,,,,,,,,,,,,,,,,,,
"Feb 16, 2021","3,809.25","Feb 16, 2021","3,936.50","3,959.25","3,918.75","3,809.25",1.45M,-0.50%,0.5%,$40.50,1.03%,,,Lowest price ever,"$2,174.00",,,,,Highest v/s Lowest price ever,,,,Price movement in %,,,,Price range prevision,,,,Others,,,
"Feb 15, 2021","3,809.25","Feb 15, 2021","3,936.38","3,951.88","3,935.88","3,809.25",-,0.28%,0.3%,$16.00,0.41%,,,Standard Deviation,381.1161365,,,,,Highest price  ever,,Lowest price ever,,Highest movement,,Lowest movement,,Highest,,Lowest,,Standard Deviation,,Daily volatality,
"Feb 14, 2021","3,809.25","Feb 14, 2021","3,935.50","3,939.88","3,935.50","3,809.25",-,0.14%,0.1%,$4.38,0.11%,,,Highest price movement,10.38%,,,,,"$3,959.25",,"$2,174.00",,10.38%,,0.00%,,"$4,721.48",,"$1,411.77",,381.1161365,,2.34%,
"Feb 12, 2021","3,809.25","Feb 12, 2021","3,905.25","3,936.25","3,890.25","3,809.25",1.05M,0.49%,0.5%,$46.00,1.18%,,,Lowest price movement,0.00%,,,,,,,,,,,,,,,,,,,,
"Feb 11, 2021","3,809.25","Feb 11, 2021","3,907.00","3,920.50","3,884.50","3,809.25",1.30M,0.23%,0.2%,$36.00,0.92%,,,,,,,,,,,,,,,,,,,,,,,,
"Feb 10, 2021","3,809.25","Feb 10, 2021","3,912.25","3,928.50","3,878.25","3,809.25",1.56M,-0.06%,0.1%,$50.25,1.28%,,,Average daily volatility,2.34%,,,,,,,,,,,,,,,,,,,,
"Feb 09, 2021","3,905.50","Feb 09, 2021","3,910.50","3,913.25","3,895.00","3,905.50",881.92K,-0.06%,0.1%,$18.25,0.47%,,,,,,,,,,,,,,,,,,,,,,,,
"Feb 08, 2021","3,908.00","Feb 08, 2021","3,889.00","3,911.25","3,885.50","3,908.00",972.44K,0.72%,0.7%,$25.75,0.66%,,,Highest price (prevision),"$4,721.48",,,,,,,,,,,,,,,,,,,,
"Feb 05, 2021","3,880.25","Feb 05, 2021","3,864.25","3,888.25","3,860.00","3,880.25",1.14M,0.41%,0.4%,$28.25,0.73%,,,Lowest price (previous),"$1,411.77",,,,,,,,,,,,,,,,,,,,
"Feb 04, 2021","3,864.50","Feb 04, 2021","3,832.75","3,869.75","3,811.25","3,864.50",1.14M,1.07%,1.1%,$58.50,1.53%,,,,,,,,,,,,,,,,,,,,,,,,
"Feb 03, 2021","3,823.50","Feb 03, 2021","3,829.50","3,843.50","3,807.75","3,823.50",1.29M,0.14%,0.1%,$35.75,0.93%,,,,,,,,,,,,,,,,,,,,,,,,
"Feb 02, 2021","3,818.25","Feb 02, 2021","3,764.75","3,835.75","3,760.00","3,818.25",1.42M,1.39%,1.4%,$75.75,2.01%,,,,,,,,,,,,,,,,,,,,,,,,
"Feb 01, 2021","3,765.75","Feb 01, 2021","3,692.25","3,777.00","3,656.50","3,765.75",1.69M,1.63%,1.6%,$120.50,3.26%,,,,,,,,,,,,,,,,,,,,,,,,
"Jan 29, 2021","3,705.25","Jan 29, 2021","3,770.25","3,777.25","3,685.50","3,705.25",2.69M,-1.96%,2.0%,$91.75,2.43%,,,,,,,,,,,,,,,,,,,,,,,,
"Jan 28, 2021","3,779.25","Jan 28, 2021","3,735.25","3,823.50","3,703.50","3,779.25",2.15M,0.93%,0.9%,$120.00,3.21%,,,,,,,,,,,,,,,,,,,,,,,,
"Jan 27, 2021","3,744.25","Jan 27, 2021","3,845.25","3,853.00","3,706.50","3,744.25",2.57M,-2.56%,2.6%,$146.50,3.81%,,,,,,,,,,,,,,,,,,,,,,,,
"Jan 26, 2021","3,842.50","Jan 26, 2021","3,845.00","3,862.25","3,821.50","3,842.50",1.17M,-0.16%,0.2%,$40.75,1.06%,,,,,,,,,,,,,,,,,,,,,,,,
"Jan 25, 2021","3,848.50","Jan 25, 2021","3,835.50","3,853.25","3,788.50","3,848.50",1.76M,0.37%,0.4%,$64.75,1.69%,,,,,,,,,,,,,,,,,,,,,,,,
"Jan 22, 2021","3,834.25","Jan 22, 2021","3,846.75","3,849.00","3,813.25","3,834.25",1.19M,-0.31%,0.3%,$35.75,0.93%,,,,,,,,,,,,,,,,,,,,,,,,
"Jan 21, 2021","3,846.00","Jan 21, 2021","3,841.50","3,859.75","3,836.50","3,846.00",1.07M,0.03%,0.0%,$23.25,0.61%,,,,,,,,,,,,,,,,,,,,,,,,
"Jan 20, 2021","3,845.00","Jan 20, 2021","3,796.75","3,852.50","3,788.50","3,845.00",1.25M,1.44%,1.4%,$64.00,1.69%,,,,,,,,,,,,,,,,,,,,,,,,
"Jan 19, 2021","3,790.50","Jan 19, 2021","3,750.00","3,797.00","3,740.50","3,790.50",1.32M,0.46%,0.5%,$56.50,1.51%,,,,,,,,,,,,,,,,,,,,,,,,
"Jan 18, 2021","3,773.12","Jan 18, 2021","3,749.38","3,773.38","3,743.00","3,773.12",-,0.62%,0.6%,$30.38,0.81%,,,,,,,,,,,,,,,,,,,,,,,,
"Jan 17, 2021","3,750.00","Jan 17, 2021","3,745.38","3,759.88","3,745.38","3,750.00",-,-0.33%,0.3%,$14.50,0.39%,,,,,,,,,,,,,,,,,,,,,,,,
"Jan 15, 2021","3,762.25","Jan 15, 2021","3,793.00","3,797.75","3,741.50","3,762.25",1.78M,-0.76%,0.8%,$56.25,1.48%,,,,,,,,,,,,,,,,,,,,,,,,
"Jan 14, 2021","3,791.25","Jan 14, 2021","3,808.50","3,817.75","3,786.25","3,791.25",1.17M,-0.33%,0.3%,$31.50,0.83%,,,,,,,,,,,,,,,,,,,,,,,,
"Jan 13, 2021","3,803.75","Jan 13, 2021","3,792.00","3,813.50","3,776.50","3,803.75",1.05M,0.24%,0.2%,$37.00,0.98%,,,,,,,,,,,,,,,,,,,,,,,,
"Jan 12, 2021","3,794.50","Jan 12, 2021","3,794.25","3,806.75","3,768.00","3,794.50",1.22M,0.07%,0.1%,$38.75,1.02%,,,,,,,,,,,,,,,,,,,,,,,,
"Jan 11, 2021","3,792.00","Jan 11, 2021","3,815.50","3,820.75","3,776.50","3,792.00",1.29M,-0.67%,0.7%,$44.25,1.16%,,,,,,,,,,,,,,,,,,,,,,,,
"Jan 08, 2021","3,817.50","Jan 08, 2021","3,797.75","3,824.50","3,775.00","3,817.50",1.62M,0.58%,0.6%,$49.50,1.30%,,,,,,,,,,,,,,,,,,,,,,,,
"Jan 07, 2021","3,795.50","Jan 07, 2021","3,752.50","3,804.00","3,742.00","3,795.50",1.30M,1.47%,1.5%,$62.00,1.65%,,,,,,,,,,,,,,,,,,,,,,,,
"Jan 06, 2021","3,740.50","Jan 06, 2021","3,717.50","3,774.75","3,685.50","3,740.50",2.13M,0.60%,0.6%,$89.25,2.40%,,,,,,,,,,,,,,,,,,,,,,,,
"Jan 05, 2021","3,718.25","Jan 05, 2021","3,695.00","3,730.00","3,673.25","3,718.25",1.41M,0.70%,0.7%,$56.75,1.54%,,,,,,,,,,,,,,,,,,,,,,,,
"Jan 04, 2021","3,692.25","Jan 04, 2021","3,748.75","3,773.25","3,652.50","3,692.25",2.04M,-1.51%,1.5%,$120.75,3.22%,,,,,,,,,,,,,,,,,,,,,,,,
"Jan 01, 2021","3,748.75","Jan 01, 2021","3,748.75","3,748.75","3,748.75","3,748.75",-,0.00%,0.0%,$0.00,0.00%,,,,,,,,,,,,,,,,,,,,,,,,
"Dec 31, 2020","3,748.75","Dec 31, 2020","3,725.00","3,753.00","3,715.00","3,748.75",993.34K,0.66%,0.7%,$38.00,1.02%,,,,,,,,,,,,,,,,,,,,,,,,
"Dec 30, 2020","3,724.25","Dec 30, 2020","3,724.50","3,738.25","3,716.50","3,724.25",770.00K,0.11%,0.1%,$21.75,0.58%,,,,,,,,,,,,,,,,,,,,,,,,
"Dec 29, 2020","3,720.00","Dec 29, 2020","3,731.00","3,747.75","3,714.50","3,720.00",992.64K,-0.20%,0.2%,$33.25,0.89%,,,,,,,,,,,,,,,,,,,,,,,,
"Dec 28, 2020","3,727.50","Dec 28, 2020","3,682.00","3,732.25","3,676.00","3,727.50",760.65K,0.88%,0.9%,$56.25,1.53%,,,,,,,,,,,,,,,,,,,,,,,,
"Dec 24, 2020","3,695.00","Dec 24, 2020","3,685.25","3,696.00","3,678.50","3,695.00",369.65K,0.37%,0.4%,$17.50,0.47%,,,,,,,,,,,,,,,,,,,,,,,,
"Dec 23, 2020","3,681.50","Dec 23, 2020","3,674.25","3,701.75","3,651.00","3,681.50",1.02M,0.12%,0.1%,$50.75,1.38%,,,,,,,,,,,,,,,,,,,,,,,,
"Dec 22, 2020","3,677.25","Dec 22, 2020","3,685.00","3,695.00","3,663.75","3,677.25",1.10M,-0.23%,0.2%,$31.25,0.85%,,,,,,,,,,,,,,,,,,,,,,,,
"Dec 21, 2020","3,685.75","Dec 21, 2020","3,718.25","3,724.00","3,596.00","3,685.75",1.84M,-1.09%,1.1%,$128.00,3.44%,,,,,,,,,,,,,,,,,,,,,,,,
"Dec 18, 2020","3,726.25","Dec 18, 2020","3,721.50","3,733.25","3,707.75","3,726.25",31.89K,0.13%,0.1%,$25.50,0.69%,,,,,,,,,,,,,,,,,,,,,,,,
"Dec 17, 2020","3,721.25","Dec 17, 2020","3,704.50","3,724.75","3,699.50","3,721.25",292.92K,0.55%,0.6%,$25.25,0.68%,,,,,,,,,,,,,,,,,,,,,,,,
"Dec 16, 2020","3,700.75","Dec 16, 2020","3,697.75","3,711.50","3,687.00","3,700.75",584.71K,0.17%,0.2%,$24.50,0.66%,,,,,,,,,,,,,,,,,,,,,,,,
"Dec 15, 2020","3,694.50","Dec 15, 2020","3,653.00","3,695.75","3,642.75","3,694.50",1.03M,1.32%,1.3%,$53.00,1.45%,,,,,,,,,,,,,,,,,,,,,,,,
"Dec 14, 2020","3,646.50","Dec 14, 2020","3,677.75","3,698.00","3,642.75","3,646.50",1.49M,-0.40%,0.4%,$55.25,1.50%,,,,,,,,,,,,,,,,,,,,,,,,
"Dec 11, 2020","3,661.25","Dec 11, 2020","3,670.00","3,674.75","3,628.25","3,661.25",1.54M,-0.20%,0.2%,$46.50,1.27%,,,,,,,,,,,,,,,,,,,,,,,,
"Dec 10, 2020","3,668.50","Dec 10, 2020","3,669.50","3,681.25","3,644.00","3,668.50",1.60M,-0.11%,0.1%,$37.25,1.02%,,,,,,,,,,,,,,,,,,,,,,,,
"Dec 09, 2020","3,672.50","Dec 09, 2020","3,707.75","3,714.75","3,659.50","3,672.50",1.79M,-0.80%,0.8%,$55.25,1.49%,,,,,,,,,,,,,,,,,,,,,,,,
"Dec 08, 2020","3,702.00","Dec 08, 2020","3,682.75","3,708.00","3,664.25","3,702.00",1.12M,0.30%,0.3%,$43.75,1.19%,,,,,,,,,,,,,,,,,,,,,,,,
"Dec 07, 2020","3,690.75","Dec 07, 2020","3,694.75","3,705.00","3,672.25","3,690.75",1.08M,-0.20%,0.2%,$32.75,0.89%,,,,,,,,,,,,,,,,,,,,,,,,
"Dec 04, 2020","3,698.00","Dec 04, 2020","3,668.25","3,700.00","3,665.50","3,698.00",991.86K,0.91%,0.9%,$34.50,0.94%,,,,,,,,,,,,,,,,,,,,,,,,
"Dec 03, 2020","3,664.50","Dec 03, 2020","3,671.00","3,682.00","3,655.25","3,664.50",1.12M,-0.07%,0.1%,$26.75,0.73%,,,,,,,,,,,,,,,,,,,,,,,,
"Dec 02, 2020","3,667.25","Dec 02, 2020","3,661.25","3,672.75","3,642.25","3,667.25",1.11M,0.18%,0.2%,$30.50,0.83%,,,,,,,,,,,,,,,,,,,,,,,,
"Dec 01, 2020","3,660.50","Dec 01, 2020","3,631.00","3,677.50","3,626.00","3,660.50",1.37M,1.03%,1.0%,$51.50,1.42%,,,,,,,,,,,,,,,,,,,,,,,,
"Nov 30, 2020","3,623.25","Nov 30, 2020","3,643.75","3,652.00","3,592.25","3,623.25",1.71M,-0.36%,0.4%,$59.75,1.64%,,,,,,,,,,,,,,,,,,,,,,,,
"Nov 27, 2020","3,636.50","Nov 27, 2020","3,630.25","3,642.75","3,612.75","3,636.50",639.27K,0.43%,0.4%,$30.00,0.83%,,,,,,,,,,,,,,,,,,,,,,,,
"Nov 26, 2020","3,620.75","Nov 26, 2020","3,631.62","3,638.62","3,614.12","3,620.75",-,-0.18%,0.2%,$24.50,0.67%,,,,,,,,,,,,,,,,,,,,,,,,
"Nov 25, 2020","3,627.25","Nov 25, 2020","3,635.50","3,655.00","3,615.25","3,627.25",1.02M,-0.15%,0.2%,$39.75,1.09%,,,,,,,,,,,,,,,,,,,,,,,,
"Nov 24, 2020","3,632.75","Nov 24, 2020","3,576.00","3,640.00","3,575.25","3,632.75",1.29M,1.59%,1.6%,$64.75,1.81%,,,,,,,,,,,,,,,,,,,,,,,,
"Nov 23, 2020","3,576.00","Nov 23, 2020","3,546.50","3,588.00","3,545.50","3,576.00",1.20M,0.61%,0.6%,$42.50,1.20%,,,,,,,,,,,,,,,,,,,,,,,,
"Nov 20, 2020","3,554.25","Nov 20, 2020","3,560.00","3,582.50","3,542.75","3,554.25",1.19M,-0.72%,0.7%,$39.75,1.12%,,,,,,,,,,,,,,,,,,,,,,,,
"Nov 19, 2020","3,580.00","Nov 19, 2020","3,562.00","3,582.75","3,542.25","3,580.00",1.29M,0.42%,0.4%,$40.50,1.14%,,,,,,,,,,,,,,,,,,,,,,,,
"Nov 18, 2020","3,565.00","Nov 18, 2020","3,604.50","3,623.25","3,556.50","3,565.00",1.33M,-1.16%,1.2%,$66.75,1.85%,,,,,,,,,,,,,,,,,,,,,,,,
"Nov 17, 2020","3,606.75","Nov 17, 2020","3,625.50","3,630.00","3,584.25","3,606.75",1.27M,-0.45%,0.5%,$45.75,1.26%,,,,,,,,,,,,,,,,,,,,,,,,
"Nov 16, 2020","3,623.00","Nov 16, 2020","3,587.00","3,637.00","3,586.50","3,623.00",1.30M,1.14%,1.1%,$50.50,1.41%,,,,,,,,,,,,,,,,,,,,,,,,
"Nov 13, 2020","3,582.00","Nov 13, 2020","3,537.50","3,590.00","3,518.00","3,582.00",1.33M,1.40%,1.4%,$72.00,2.04%,,,,,,,,,,,,,,,,,,,,,,,,
"Nov 12, 2020","3,532.50","Nov 12, 2020","3,574.50","3,574.50","3,513.00","3,532.50",1.69M,-0.99%,1.0%,$61.50,1.72%,,,,,,,,,,,,,,,,,,,,,,,,
"Nov 11, 2020","3,568.00","Nov 11, 2020","3,546.25","3,576.75","3,531.00","3,568.00",1.32M,0.76%,0.8%,$45.75,1.29%,,,,,,,,,,,,,,,,,,,,,,,,
"Nov 10, 2020","3,541.00","Nov 10, 2020","3,549.50","3,562.75","3,506.50","3,541.00",2.16M,-0.08%,0.1%,$56.25,1.58%,,,,,,,,,,,,,,,,,,,,,,,,
"Nov 09, 2020","3,544.00","Nov 09, 2020","3,522.50","3,668.00","3,515.75","3,544.00",2.61M,1.24%,1.2%,$152.25,4.32%,,,,,,,,,,,,,,,,,,,,,,,,
"Nov 06, 2020","3,500.75","Nov 06, 2020","3,508.75","3,519.00","3,456.75","3,500.75",1.64M,-0.11%,0.1%,$62.25,1.77%,,,,,,,,,,,,,,,,,,,,,,,,
"Nov 05, 2020","3,504.75","Nov 05, 2020","3,448.00","3,522.50","3,428.25","3,504.75",1.67M,2.03%,2.0%,$94.25,2.73%,,,,,,,,,,,,,,,,,,,,,,,,
"Nov 04, 2020","3,435.00","Nov 04, 2020","3,362.75","3,480.00","3,319.00","3,435.00",2.81M,2.19%,2.2%,$161.00,4.79%,,,,,,,,,,,,,,,,,,,,,,,,
"Nov 03, 2020","3,361.50","Nov 03, 2020","3,304.00","3,382.75","3,301.25","3,361.50",1.66M,1.85%,1.9%,$81.50,2.47%,,,,,,,,,,,,,,,,,,,,,,,,
"Nov 02, 2020","3,300.50","Nov 02, 2020","3,260.00","3,323.50","3,243.25","3,300.50",1.85M,1.10%,1.1%,$80.25,2.46%,,,,,,,,,,,,,,,,,,,,,,,,
"Oct 30, 2020","3,264.75","Oct 30, 2020","3,268.00","3,296.25","3,225.00","3,264.75",2.49M,-1.14%,1.1%,$71.25,2.18%,,,,,,,,,,,,,,,,,,,,,,,,
"Oct 29, 2020","3,302.25","Oct 29, 2020","3,279.00","3,333.75","3,250.25","3,302.25",1.97M,1.19%,1.2%,$83.50,2.55%,,,,,,,,,,,,,,,,,,,,,,,,
"Oct 28, 2020","3,263.50","Oct 28, 2020","3,369.00","3,370.25","3,260.75","3,263.50",2.63M,-3.53%,3.5%,$109.50,3.25%,,,,,,,,,,,,,,,,,,,,,,,,
"Oct 27, 2020","3,383.00","Oct 27, 2020","3,394.25","3,410.00","3,368.25","3,383.00",1.57M,-0.31%,0.3%,$41.75,1.23%,,,,,,,,,,,,,,,,,,,,,,,,
"Oct 26, 2020","3,393.50","Oct 26, 2020","3,445.75","3,446.25","3,356.00","3,393.50",1.96M,-1.69%,1.7%,$90.25,2.62%,,,,,,,,,,,,,,,,,,,,,,,,
"Oct 23, 2020","3,451.75","Oct 23, 2020","3,455.75","3,462.50","3,431.50","3,451.75",1.22M,0.07%,0.1%,$31.00,0.90%,,,,,,,,,,,,,,,,,,,,,,,,
"Oct 22, 2020","3,449.25","Oct 22, 2020","3,430.25","3,453.00","3,402.50","3,449.25",1.50M,0.49%,0.5%,$50.50,1.47%,,,,,,,,,,,,,,,,,,,,,,,,
"Oct 21, 2020","3,432.50","Oct 21, 2020","3,437.00","3,458.00","3,420.50","3,432.50",1.68M,0.01%,0.0%,$37.50,1.09%,,,,,,,,,,,,,,,,,,,,,,,,
"Oct 20, 2020","3,432.25","Oct 20, 2020","3,436.00","3,469.75","3,418.75","3,432.25",1.70M,0.28%,0.3%,$51.00,1.48%,,,,,,,,,,,,,,,,,,,,,,,,
"Oct 19, 2020","3,422.75","Oct 19, 2020","3,471.00","3,496.50","3,410.75","3,422.75",1.65M,-1.14%,1.1%,$85.75,2.47%,,,,,,,,,,,,,,,,,,,,,,,,
"Oct 16, 2020","3,462.25","Oct 16, 2020","3,478.50","3,508.50","3,461.25","3,462.25",1.40M,-0.38%,0.4%,$47.25,1.36%,,,,,,,,,,,,,,,,,,,,,,,,
"Oct 15, 2020","3,475.50","Oct 15, 2020","3,479.25","3,486.50","3,431.50","3,475.50",1.65M,-0.16%,0.2%,$55.00,1.58%,,,,,,,,,,,,,,,,,,,,,,,,
"Oct 14, 2020","3,481.00","Oct 14, 2020","3,502.00","3,524.00","3,472.00","3,481.00",1.54M,-0.68%,0.7%,$52.00,1.48%,,,,,,,,,,,,,,,,,,,,,,,,
"Oct 13, 2020","3,504.75","Oct 13, 2020","3,534.00","3,535.75","3,491.50","3,504.75",1.62M,-0.79%,0.8%,$44.25,1.25%,,,,,,,,,,,,,,,,,,,,,,,,
"Oct 12, 2020","3,532.75","Oct 12, 2020","3,467.50","3,541.00","3,464.25","3,532.75",1.40M,1.71%,1.7%,$76.75,2.21%,,,,,,,,,,,,,,,,,,,,,,,,
"Oct 09, 2020","3,473.25","Oct 09, 2020","3,447.25","3,480.00","3,445.25","3,473.25",1.19M,1.04%,1.0%,$34.75,1.01%,,,,,,,,,,,,,,,,,,,,,,,,
"Oct 08, 2020","3,437.50","Oct 08, 2020","3,406.25","3,447.25","3,405.50","3,437.50",1.10M,0.90%,0.9%,$41.75,1.23%,,,,,,,,,,,,,,,,,,,,,,,,
"Oct 07, 2020","3,406.75","Oct 07, 2020","3,338.00","3,416.75","3,332.25","3,406.75",1.40M,1.60%,1.6%,$84.50,2.53%,,,,,,,,,,,,,,,,,,,,,,,,
"Oct 06, 2020","3,353.25","Oct 06, 2020","3,392.00","3,421.75","3,330.50","3,353.25",1.70M,-1.17%,1.2%,$91.25,2.69%,,,,,,,,,,,,,,,,,,,,,,,,
"Oct 05, 2020","3,393.00","Oct 05, 2020","3,360.00","3,400.00","3,346.50","3,393.00",1.08M,1.61%,1.6%,$53.50,1.59%,,,,,,,,,,,,,,,,,,,,,,,,
"Oct 02, 2020","3,339.25","Oct 02, 2020","3,367.00","3,375.50","3,300.25","3,339.25",2.03M,-0.85%,0.9%,$75.25,2.23%,,,,,,,,,,,,,,,,,,,,,,,,
"Oct 01, 2020","3,367.75","Oct 01, 2020","3,344.75","3,388.00","3,343.25","3,367.75",1.52M,0.47%,0.5%,$44.75,1.34%,,,,,,,,,,,,,,,,,,,,,,,,
"Sep 30, 2020","3,352.00","Sep 30, 2020","3,330.00","3,384.00","3,291.25","3,352.00",2.17M,0.55%,0.6%,$92.75,2.79%,,,,,,,,,,,,,,,,,,,,,,,,
"Sep 29, 2020","3,333.75","Sep 29, 2020","3,348.75","3,363.00","3,316.50","3,333.75",1.33M,-0.37%,0.4%,$46.50,1.39%,,,,,,,,,,,,,,,,,,,,,,,,
"Sep 28, 2020","3,346.00","Sep 28, 2020","3,291.00","3,351.25","3,287.50","3,346.00",1.50M,1.79%,1.8%,$63.75,1.94%,,,,,,,,,,,,,,,,,,,,,,,,
"Sep 25, 2020","3,287.25","Sep 25, 2020","3,243.50","3,296.25","3,206.50","3,287.25",1.70M,1.52%,1.5%,$89.75,2.77%,,,,,,,,,,,,,,,,,,,,,,,,
"Sep 24, 2020","3,238.00","Sep 24, 2020","3,228.00","3,268.25","3,198.00","3,238.00",2.28M,0.21%,0.2%,$70.25,2.18%,,,,,,,,,,,,,,,,,,,,,,,,
"Sep 23, 2020","3,231.25","Sep 23, 2020","3,303.75","3,319.75","3,221.00","3,231.25",1.98M,-2.06%,2.1%,$98.75,2.99%,,,,,,,,,,,,,,,,,,,,,,,,
"Sep 22, 2020","3,299.25","Sep 22, 2020","3,271.50","3,309.50","3,256.50","3,299.25",1.58M,0.74%,0.7%,$53.00,1.62%,,,,,,,,,,,,,,,,,,,,,,,,
"Sep 21, 2020","3,275.00","Sep 21, 2020","3,314.50","3,326.25","3,217.75","3,275.00",2.45M,-1.27%,1.3%,$108.50,3.27%,,,,,,,,,,,,,,,,,,,,,,,,
"Sep 18, 2020","3,317.00","Sep 18, 2020","3,347.88","3,363.12","3,281.12","3,317.00",-,-1.32%,1.3%,$82.00,2.45%,,,,,,,,,,,,,,,,,,,,,,,,
"Sep 17, 2020","3,361.50","Sep 17, 2020","3,392.75","3,396.50","3,320.50","3,361.50",384.92K,-0.83%,0.8%,$76.00,2.24%,,,,,,,,,,,,,,,,,,,,,,,,
"Sep 16, 2020","3,389.50","Sep 16, 2020","3,405.00","3,429.75","3,384.00","3,389.50",571.75K,-0.46%,0.5%,$45.75,1.34%,,,,,,,,,,,,,,,,,,,,,,,,
"Sep 15, 2020","3,405.25","Sep 15, 2020","3,379.50","3,419.00","3,376.00","3,405.25",874.37K,0.67%,0.7%,$43.00,1.27%,,,,,,,,,,,,,,,,,,,,,,,,
"Sep 14, 2020","3,382.50","Sep 14, 2020","3,350.00","3,402.75","3,345.50","3,382.50",1.38M,1.46%,1.5%,$57.25,1.71%,,,,,,,,,,,,,,,,,,,,,,,,
"Sep 11, 2020","3,333.75","Sep 11, 2020","3,345.25","3,375.00","3,308.75","3,333.75",1.88M,-0.20%,0.2%,$66.25,1.98%,,,,,,,,,,,,,,,,,,,,,,,,
"Sep 10, 2020","3,340.50","Sep 10, 2020","3,396.00","3,424.25","3,327.25","3,340.50",2.33M,-1.76%,1.8%,$97.00,2.86%,,,,,,,,,,,,,,,,,,,,,,,,
"Sep 09, 2020","3,400.25","Sep 09, 2020","3,315.25","3,424.00","3,295.50","3,400.25",2.01M,1.94%,1.9%,$128.50,3.88%,,,,,,,,,,,,,,,,,,,,,,,,
"Sep 08, 2020","3,335.50","Sep 08, 2020","3,420.50","3,447.00","3,327.50","3,335.50",2.73M,-3.03%,3.0%,$119.50,3.49%,,,,,,,,,,,,,,,,,,,,,,,,
"Sep 07, 2020","3,439.88","Sep 07, 2020","3,406.00","3,443.38","3,392.25","3,439.88",-,1.01%,1.0%,$51.13,1.50%,,,,,,,,,,,,,,,,,,,,,,,,
"Sep 06, 2020","3,405.38","Sep 06, 2020","3,414.75","3,421.25","3,382.00","3,405.38",-,-0.35%,0.4%,$39.25,1.15%,,,,,,,,,,,,,,,,,,,,,,,,
"Sep 04, 2020","3,417.50","Sep 04, 2020","3,454.75","3,484.25","3,347.75","3,417.50",2.99M,-1.27%,1.3%,$136.50,3.95%,,,,,,,,,,,,,,,,,,,,,,,,
"Sep 03, 2020","3,461.50","Sep 03, 2020","3,578.75","3,586.50","3,424.50","3,461.50",2.87M,-3.29%,3.3%,$162.00,4.53%,,,,,,,,,,,,,,,,,,,,,,,,
"Sep 02, 2020","3,579.25","Sep 02, 2020","3,529.00","3,587.00","3,526.25","3,579.25",1.85M,1.48%,1.5%,$60.75,1.72%,,,,,,,,,,,,,,,,,,,,,,,,
"Sep 01, 2020","3,527.00","Sep 01, 2020","3,493.25","3,530.00","3,484.25","3,527.00",1.28M,0.80%,0.8%,$45.75,1.31%,,,,,,,,,,,,,,,,,,,,,,,,
"Aug 31, 2020","3,499.00","Aug 31, 2020","3,508.50","3,524.50","3,490.00","3,499.00",1.44M,-0.16%,0.2%,$34.50,0.98%,,,,,,,,,,,,,,,,,,,,,,,,
"Aug 28, 2020","3,504.50","Aug 28, 2020","3,488.00","3,509.50","3,480.75","3,504.50",1.25M,0.55%,0.6%,$28.75,0.82%,,,,,,,,,,,,,,,,,,,,,,,,
"Aug 27, 2020","3,485.25","Aug 27, 2020","3,479.50","3,498.25","3,464.75","3,485.25",1.63M,0.14%,0.1%,$33.50,0.96%,,,,,,,,,,,,,,,,,,,,,,,,
"Aug 26, 2020","3,480.25","Aug 26, 2020","3,444.75","3,483.50","3,436.75","3,480.25",1.28M,1.08%,1.1%,$46.75,1.36%,,,,,,,,,,,,,,,,,,,,,,,,
"Aug 25, 2020","3,443.00","Aug 25, 2020","3,427.00","3,448.75","3,421.75","3,443.00",1.13M,0.45%,0.5%,$27.00,0.79%,,,,,,,,,,,,,,,,,,,,,,,,
"Aug 24, 2020","3,427.50","Aug 24, 2020","3,398.75","3,429.50","3,393.50","3,427.50",1.28M,1.03%,1.0%,$36.00,1.06%,,,,,,,,,,,,,,,,,,,,,,,,
"Aug 21, 2020","3,392.50","Aug 21, 2020","3,383.50","3,396.25","3,356.75","3,392.50",1.22M,0.35%,0.4%,$39.50,1.17%,,,,,,,,,,,,,,,,,,,,,,,,
"Aug 20, 2020","3,380.75","Aug 20, 2020","3,370.25","3,387.00","3,344.75","3,380.75",1.20M,0.24%,0.2%,$42.25,1.25%,,,,,,,,,,,,,,,,,,,,,,,,
"Aug 19, 2020","3,372.75","Aug 19, 2020","3,388.75","3,395.75","3,365.50","3,372.75",1.37M,-0.42%,0.4%,$30.25,0.89%,,,,,,,,,,,,,,,,,,,,,,,,
"Aug 18, 2020","3,387.00","Aug 18, 2020","3,379.25","3,390.75","3,365.25","3,387.00",1.02M,0.21%,0.2%,$25.50,0.75%,,,,,,,,,,,,,,,,,,,,,,,,
"Aug 17, 2020","3,379.75","Aug 17, 2020","3,366.00","3,382.75","3,364.75","3,379.75",759.30K,0.54%,0.5%,$18.00,0.53%,,,,,,,,,,,,,,,,,,,,,,,,
"Aug 14, 2020","3,361.50","Aug 14, 2020","3,369.25","3,380.50","3,350.00","3,361.50",1.08M,-0.19%,0.2%,$30.50,0.91%,,,,,,,,,,,,,,,,,,,,,,,,
"Aug 13, 2020","3,367.75","Aug 13, 2020","3,367.75","3,382.00","3,357.50","3,367.75",1.21M,-0.07%,0.1%,$24.50,0.73%,,,,,,,,,,,,,,,,,,,,,,,,
"Aug 12, 2020","3,370.00","Aug 12, 2020","3,339.50","3,382.50","3,326.25","3,370.00",1.41M,1.20%,1.2%,$56.25,1.68%,,,,,,,,,,,,,,,,,,,,,,,,
"Aug 11, 2020","3,330.00","Aug 11, 2020","3,350.25","3,379.00","3,319.50","3,330.00",1.73M,-0.68%,0.7%,$59.50,1.78%,,,,,,,,,,,,,,,,,,,,,,,,
"Aug 10, 2020","3,352.75","Aug 10, 2020","3,347.00","3,357.25","3,329.00","3,352.75",1.20M,0.24%,0.2%,$28.25,0.84%,,,,,,,,,,,,,,,,,,,,,,,,
"Aug 07, 2020","3,344.75","Aug 07, 2020","3,343.75","3,347.75","3,322.25","3,344.75",1.62M,0.01%,0.0%,$25.50,0.76%,,,,,,,,,,,,,,,,,,,,,,,,
"Aug 06, 2020","3,344.25","Aug 06, 2020","3,317.00","3,345.50","3,300.50","3,344.25",1.35M,0.85%,0.9%,$45.00,1.36%,,,,,,,,,,,,,,,,,,,,,,,,
"Aug 05, 2020","3,316.00","Aug 05, 2020","3,300.75","3,323.25","3,292.00","3,316.00",1.12M,0.48%,0.5%,$31.25,0.95%,,,,,,,,,,,,,,,,,,,,,,,,
"Aug 04, 2020","3,300.00","Aug 04, 2020","3,290.75","3,300.50","3,271.00","3,300.00",1.15M,0.35%,0.4%,$29.50,0.90%,,,,,,,,,,,,,,,,,,,,,,,,
"Aug 03, 2020","3,288.50","Aug 03, 2020","3,272.00","3,295.50","3,254.75","3,288.50",1.25M,0.77%,0.8%,$40.75,1.25%,,,,,,,,,,,,,,,,,,,,,,,,
"Jul 31, 2020","3,263.50","Jul 31, 2020","3,269.25","3,273.75","3,212.50","3,263.50",2.28M,0.45%,0.5%,$61.25,1.87%,,,,,,,,,,,,,,,,,,,,,,,,
"Jul 30, 2020","3,248.75","Jul 30, 2020","3,256.75","3,269.00","3,195.00","3,248.75",2.00M,-0.12%,0.1%,$74.00,2.27%,,,,,,,,,,,,,,,,,,,,,,,,
"Jul 29, 2020","3,252.50","Jul 29, 2020","3,215.00","3,257.00","3,204.25","3,252.50",1.22M,1.23%,1.2%,$52.75,1.64%,,,,,,,,,,,,,,,,,,,,,,,,
"Jul 28, 2020","3,213.00","Jul 28, 2020","3,235.00","3,246.75","3,208.00","3,213.00",1.38M,-0.60%,0.6%,$38.75,1.20%,,,,,,,,,,,,,,,,,,,,,,,,
"Jul 27, 2020","3,232.25","Jul 27, 2020","3,210.75","3,235.00","3,192.00","3,232.25",1.30M,0.88%,0.9%,$43.00,1.34%,,,,,,,,,,,,,,,,,,,,,,,,
"Jul 24, 2020","3,204.00","Jul 24, 2020","3,230.00","3,239.00","3,191.50","3,204.00",1.76M,-0.73%,0.7%,$47.50,1.47%,,,,,,,,,,,,,,,,,,,,,,,,
"Jul 23, 2020","3,227.50","Jul 23, 2020","3,267.75","3,284.50","3,214.25","3,227.50",1.70M,-1.16%,1.2%,$70.25,2.15%,,,,,,,,,,,,,,,,,,,,,,,,
"Jul 22, 2020","3,265.50","Jul 22, 2020","3,249.25","3,271.75","3,227.25","3,265.50",1.35M,0.44%,0.4%,$44.50,1.37%,,,,,,,,,,,,,,,,,,,,,,,,
"Jul 21, 2020","3,251.25","Jul 21, 2020","3,243.75","3,273.25","3,239.25","3,251.25",1.46M,0.18%,0.2%,$34.00,1.05%,,,,,,,,,,,,,,,,,,,,,,,,
"Jul 20, 2020","3,245.25","Jul 20, 2020","3,214.50","3,250.50","3,190.25","3,245.25",1.40M,0.97%,1.0%,$60.25,1.87%,,,,,,,,,,,,,,,,,,,,,,,,
"Jul 17, 2020","3,214.00","Jul 17, 2020","3,198.50","3,225.25","3,194.75","3,214.00",1.26M,0.61%,0.6%,$30.50,0.95%,,,,,,,,,,,,,,,,,,,,,,,,
"Jul 16, 2020","3,194.50","Jul 16, 2020","3,223.25","3,228.50","3,188.50","3,194.50",1.47M,-0.78%,0.8%,$40.00,1.24%,,,,,,,,,,,,,,,,,,,,,,,,
"Jul 15, 2020","3,219.50","Jul 15, 2020","3,204.00","3,233.25","3,192.00","3,219.50",1.94M,1.13%,1.1%,$41.25,1.29%,,,,,,,,,,,,,,,,,,,,,,,,
"Jul 14, 2020","3,183.50","Jul 14, 2020","3,149.75","3,192.25","3,119.00","3,183.50",2.26M,1.12%,1.1%,$73.25,2.33%,,,,,,,,,,,,,,,,,,,,,,,,
"Jul 13, 2020","3,148.25","Jul 13, 2020","3,183.50","3,226.25","3,140.50","3,148.25",2.07M,-0.95%,1.0%,$85.75,2.69%,,,,,,,,,,,,,,,,,,,,,,,,
"Jul 10, 2020","3,178.50","Jul 10, 2020","3,142.25","3,181.25","3,111.50","3,178.50",1.41M,1.19%,1.2%,$69.75,2.22%,,,,,,,,,,,,,,,,,,,,,,,,
"Jul 09, 2020","3,141.00","Jul 09, 2020","3,166.25","3,170.75","3,105.25","3,141.00",1.88M,-0.71%,0.7%,$65.50,2.07%,,,,,,,,,,,,,,,,,,,,,,,,
"Jul 08, 2020","3,163.50","Jul 08, 2020","3,135.25","3,166.25","3,125.50","3,163.50",1.53M,0.86%,0.9%,$40.75,1.30%,,,,,,,,,,,,,,,,,,,,,,,,
"Jul 07, 2020","3,136.50","Jul 07, 2020","3,170.00","3,184.00","3,132.50","3,136.50",1.33M,-1.12%,1.1%,$51.50,1.62%,,,,,,,,,,,,,,,,,,,,,,,,
"Jul 06, 2020","3,172.00","Jul 06, 2020","3,121.25","3,174.50","3,121.25","3,172.00",1.46M,1.81%,1.8%,$53.25,1.71%,,,,,,,,,,,,,,,,,,,,,,,,
"Jul 03, 2020","3,115.62","Jul 03, 2020","3,126.62","3,138.62","3,105.75","3,115.62",-,-0.43%,0.4%,$32.87,1.05%,,,,,,,,,,,,,,,,,,,,,,,,
"Jul 02, 2020","3,129.00","Jul 02, 2020","3,101.75","3,156.50","3,095.50","3,129.00",1.55M,0.84%,0.8%,$61.00,1.97%,,,,,,,,,,,,,,,,,,,,,,,,
"Jul 01, 2020","3,103.00","Jul 01, 2020","3,085.25","3,117.75","3,062.75","3,103.00",1.54M,0.41%,0.4%,$55.00,1.78%,,,,,,,,,,,,,,,,,,,,,,,,
"Jun 30, 2020","3,090.25","Jun 30, 2020","3,046.00","3,101.25","3,030.25","3,090.25",1.72M,1.39%,1.4%,$71.00,2.33%,,,,,,,,,,,,,,,,,,,,,,,,
"Jun 29, 2020","3,047.75","Jun 29, 2020","2,986.25","3,051.25","2,983.50","3,047.75",1.59M,1.36%,1.4%,$67.75,2.27%,,,,,,,,,,,,,,,,,,,,,,,,
"Jun 26, 2020","3,007.00","Jun 26, 2020","3,071.25","3,082.00","2,992.50","3,007.00",2.21M,-2.08%,2.1%,$89.50,2.91%,,,,,,,,,,,,,,,,,,,,,,,,
"Jun 25, 2020","3,070.75","Jun 25, 2020","3,046.75","3,079.50","3,005.00","3,070.75",1.97M,0.71%,0.7%,$74.50,2.45%,,,,,,,,,,,,,,,,,,,,,,,,
"Jun 24, 2020","3,049.00","Jun 24, 2020","3,113.25","3,128.50","3,019.75","3,049.00",2.39M,-2.23%,2.2%,$108.75,3.49%,,,,,,,,,,,,,,,,,,,,,,,,
"Jun 23, 2020","3,118.50","Jun 23, 2020","3,111.75","3,145.75","3,060.00","3,118.50",1.53M,0.25%,0.3%,$85.75,2.76%,,,,,,,,,,,,,,,,,,,,,,,,
"Jun 22, 2020","3,110.75","Jun 22, 2020","3,040.25","3,114.25","3,027.25","3,110.75",1.39M,-1.60%,1.6%,$87.00,2.86%,,,,,,,,,,,,,,,,,,,,,,,,
"Jun 19, 2020","3,161.26","Jun 19, 2020","3,108.25","3,196.00","3,106.75","3,161.26",36.16K,1.68%,1.7%,$89.25,2.87%,,,,,,,,,,,,,,,,,,,,,,,,
"Jun 18, 2020","3,109.00","Jun 18, 2020","3,115.00","3,130.50","3,075.25","3,109.00",373.72K,-0.29%,0.3%,$55.25,1.77%,,,,,,,,,,,,,,,,,,,,,,,,
"Jun 17, 2020","3,118.00","Jun 17, 2020","3,122.00","3,157.75","3,105.00","3,118.00",610.88K,-0.34%,0.3%,$52.75,1.69%,,,,,,,,,,,,,,,,,,,,,,,,
"Jun 16, 2020","3,128.75","Jun 16, 2020","3,076.25","3,167.75","3,071.25","3,128.75",1.38M,1.81%,1.8%,$96.50,3.14%,,,,,,,,,,,,,,,,,,,,,,,,
"Jun 15, 2020","3,073.00","Jun 15, 2020","2,992.75","3,079.25","2,935.00","3,073.00",1.95M,1.26%,1.3%,$144.25,4.82%,,,,,,,,,,,,,,,,,,,,,,,,
"Jun 12, 2020","3,034.75","Jun 12, 2020","3,011.75","3,087.75","2,982.00","3,034.75",2.87M,0.81%,0.8%,$105.75,3.51%,,,,,,,,,,,,,,,,,,,,,,,,
"Jun 11, 2020","3,010.25","Jun 11, 2020","3,183.75","3,188.50","2,996.25","3,010.25",3.53M,-5.52%,5.5%,$192.25,6.04%,,,,,,,,,,,,,,,,,,,,,,,,
"Jun 10, 2020","3,186.00","Jun 10, 2020","3,204.75","3,227.25","3,179.75","3,186.00",2.00M,-0.61%,0.6%,$47.50,1.48%,,,,,,,,,,,,,,,,,,,,,,,,
"Jun 09, 2020","3,205.50","Jun 09, 2020","3,227.75","3,231.00","3,190.00","3,205.50",1.70M,-0.68%,0.7%,$41.00,1.27%,,,,,,,,,,,,,,,,,,,,,,,,
"Jun 08, 2020","3,227.50","Jun 08, 2020","3,192.50","3,231.25","3,183.25","3,227.50",1.60M,1.28%,1.3%,$48.00,1.50%,,,,,,,,,,,,,,,,,,,,,,,,
"Jun 05, 2020","3,186.75","Jun 05, 2020","3,113.25","3,210.50","3,106.50","3,186.75",2.44M,2.45%,2.5%,$104.00,3.34%,,,,,,,,,,,,,,,,,,,,,,,,
"Jun 04, 2020","3,110.50","Jun 04, 2020","3,117.75","3,126.75","3,087.50","3,110.50",1.83M,-0.23%,0.2%,$39.25,1.26%,,,,,,,,,,,,,,,,,,,,,,,,
"Jun 03, 2020","3,117.75","Jun 03, 2020","3,078.00","3,129.50","3,074.25","3,117.75",1.62M,1.32%,1.3%,$55.25,1.79%,,,,,,,,,,,,,,,,,,,,,,,,
"Jun 02, 2020","3,077.00","Jun 02, 2020","3,052.75","3,079.00","3,035.00","3,077.00",1.46M,0.75%,0.8%,$44.00,1.44%,,,,,,,,,,,,,,,,,,,,,,,,
"Jun 01, 2020","3,054.00","Jun 01, 2020","3,029.75","3,059.00","3,008.00","3,054.00",1.28M,0.39%,0.4%,$51.00,1.68%,,,,,,,,,,,,,,,,,,,,,,,,
"May 29, 2020","3,042.00","May 29, 2020","3,036.00","3,058.25","2,992.00","3,042.00",2.26M,0.13%,0.1%,$66.25,2.18%,,,,,,,,,,,,,,,,,,,,,,,,
"May 28, 2020","3,038.00","May 28, 2020","3,035.00","3,065.50","3,019.50","3,038.00",1.88M,0.08%,0.1%,$46.00,1.52%,,,,,,,,,,,,,,,,,,,,,,,,
"May 27, 2020","3,035.50","May 27, 2020","2,994.00","3,039.50","2,965.50","3,035.50",2.11M,1.37%,1.4%,$74.00,2.47%,,,,,,,,,,,,,,,,,,,,,,,,
"May 26, 2020","2,994.50","May 26, 2020","2,948.50","3,019.75","2,947.50","2,994.50",1.80M,0.42%,0.4%,$72.25,2.45%,,,,,,,,,,,,,,,,,,,,,,,,
"May 25, 2020","2,982.12","May 25, 2020","2,967.38","2,989.88","2,954.38","2,982.12",-,0.51%,0.5%,$35.50,1.20%,,,,,,,,,,,,,,,,,,,,,,,,
"May 24, 2020","2,967.12","May 24, 2020","2,947.88","2,968.62","2,947.88","2,967.12",-,0.48%,0.5%,$20.74,0.70%,,,,,,,,,,,,,,,,,,,,,,,,
"May 22, 2020","2,953.00","May 22, 2020","2,936.75","2,957.50","2,903.75","2,953.00",1.38M,0.54%,0.5%,$53.75,1.83%,,,,,,,,,,,,,,,,,,,,,,,,
"May 21, 2020","2,937.00","May 21, 2020","2,972.25","2,973.50","2,933.00","2,937.00",1.61M,-1.06%,1.1%,$40.50,1.36%,,,,,,,,,,,,,,,,,,,,,,,,
"May 20, 2020","2,968.50","May 20, 2020","2,913.50","2,975.75","2,908.50","2,968.50",1.53M,1.70%,1.7%,$67.25,2.31%,,,,,,,,,,,,,,,,,,,,,,,,
"May 19, 2020","2,918.75","May 19, 2020","2,945.00","2,976.25","2,914.25","2,918.75",1.57M,-0.99%,1.0%,$62.00,2.11%,,,,,,,,,,,,,,,,,,,,,,,,
"May 18, 2020","2,948.00","May 18, 2020","2,859.75","2,964.75","2,850.00","2,948.00",1.78M,3.57%,3.6%,$114.75,4.01%,,,,,,,,,,,,,,,,,,,,,,,,
"May 15, 2020","2,846.50","May 15, 2020","2,846.25","2,863.50","2,809.50","2,846.50",1.90M,-0.02%,0.0%,$54.00,1.90%,,,,,,,,,,,,,,,,,,,,,,,,
"May 14, 2020","2,847.00","May 14, 2020","2,820.25","2,853.75","2,760.25","2,847.00",2.50M,1.21%,1.2%,$93.50,3.32%,,,,,,,,,,,,,,,,,,,,,,,,
"May 13, 2020","2,813.00","May 13, 2020","2,839.75","2,876.75","2,786.00","2,813.00",2.59M,-1.38%,1.4%,$90.75,3.20%,,,,,,,,,,,,,,,,,,,,,,,,
"May 12, 2020","2,852.50","May 12, 2020","2,919.25","2,939.25","2,838.00","2,852.50",1.82M,-2.40%,2.4%,$101.25,3.47%,,,,,,,,,,,,,,,,,,,,,,,,
"May 11, 2020","2,922.75","May 11, 2020","2,920.75","2,947.00","2,889.75","2,922.75",1.53M,-0.20%,0.2%,$57.25,1.96%,,,,,,,,,,,,,,,,,,,,,,,,
"May 08, 2020","2,928.50","May 08, 2020","2,882.00","2,933.00","2,879.75","2,928.50",1.33M,1.68%,1.7%,$53.25,1.85%,,,,,,,,,,,,,,,,,,,,,,,,
"May 07, 2020","2,880.00","May 07, 2020","2,832.00","2,895.00","2,823.00","2,880.00",1.49M,1.64%,1.6%,$72.00,2.54%,,,,,,,,,,,,,,,,,,,,,,,,
"May 06, 2020","2,833.50","May 06, 2020","2,857.75","2,886.25","2,832.00","2,833.50",1.47M,-0.87%,0.9%,$54.25,1.90%,,,,,,,,,,,,,,,,,,,,,,,,
"May 05, 2020","2,858.25","May 05, 2020","2,827.00","2,889.75","2,824.50","2,858.25",1.47M,1.17%,1.2%,$65.25,2.31%,,,,,,,,,,,,,,,,,,,,,,,,
"May 04, 2020","2,825.25","May 04, 2020","2,789.00","2,835.75","2,771.00","2,825.25",1.51M,0.12%,0.1%,$64.75,2.32%,,,,,,,,,,,,,,,,,,,,,,,,
"May 01, 2020","2,821.75","May 01, 2020","2,871.50","2,879.75","2,811.75","2,821.75",1.65M,-2.78%,2.8%,$68.00,2.37%,,,,,,,,,,,,,,,,,,,,,,,,
"Apr 30, 2020","2,902.50","Apr 30, 2020","2,956.50","2,965.00","2,878.00","2,902.50",2.03M,-1.31%,1.3%,$87.00,2.94%,,,,,,,,,,,,,,,,,,,,,,,,
"Apr 29, 2020","2,941.00","Apr 29, 2020","2,870.50","2,959.75","2,860.75","2,941.00",1.74M,2.57%,2.6%,$99.00,3.45%,,,,,,,,,,,,,,,,,,,,,,,,
"Apr 28, 2020","2,867.25","Apr 28, 2020","2,867.75","2,913.50","2,851.00","2,867.25",1.61M,-0.06%,0.1%,$62.50,2.18%,,,,,,,,,,,,,,,,,,,,,,,,
"Apr 27, 2020","2,869.00","Apr 27, 2020","2,829.00","2,881.25","2,812.75","2,869.00",1.22M,1.40%,1.4%,$68.50,2.42%,,,,,,,,,,,,,,,,,,,,,,,,
"Apr 24, 2020","2,829.50","Apr 24, 2020","2,777.00","2,835.00","2,755.25","2,829.50",1.29M,1.75%,1.8%,$79.75,2.87%,,,,,,,,,,,,,,,,,,,,,,,,
"Apr 23, 2020","2,780.75","Apr 23, 2020","2,790.50","2,836.75","2,772.75","2,780.75",1.70M,-0.28%,0.3%,$64.00,2.29%,,,,,,,,,,,,,,,,,,,,,,,,
"Apr 22, 2020","2,788.50","Apr 22, 2020","2,737.25","2,808.00","2,717.25","2,788.50",1.37M,2.07%,2.1%,$90.75,3.32%,,,,,,,,,,,,,,,,,,,,,,,,
"Apr 21, 2020","2,732.00","Apr 21, 2020","2,807.00","2,833.25","2,717.25","2,732.00",1.97M,-2.65%,2.7%,$116.00,4.13%,,,,,,,,,,,,,,,,,,,,,,,,
"Apr 20, 2020","2,806.50","Apr 20, 2020","2,861.50","2,875.50","2,804.25","2,806.50",1.57M,-2.21%,2.2%,$71.25,2.49%,,,,,,,,,,,,,,,,,,,,,,,,
"Apr 17, 2020","2,870.00","Apr 17, 2020","2,863.00","2,885.00","2,821.00","2,870.00",1.92M,2.96%,3.0%,$64.00,2.24%,,,,,,,,,,,,,,,,,,,,,,,,
"Apr 16, 2020","2,787.50","Apr 16, 2020","2,767.75","2,831.50","2,746.00","2,787.50",1.75M,0.45%,0.5%,$85.50,3.09%,,,,,,,,,,,,,,,,,,,,,,,,
"Apr 15, 2020","2,775.00","Apr 15, 2020","2,843.75","2,845.50","2,751.25","2,775.00",1.83M,-2.39%,2.4%,$94.25,3.31%,,,,,,,,,,,,,,,,,,,,,,,,
"Apr 14, 2020","2,843.00","Apr 14, 2020","2,760.00","2,846.00","2,752.50","2,843.00",1.72M,3.04%,3.0%,$93.50,3.39%,,,,,,,,,,,,,,,,,,,,,,,,
"Apr 13, 2020","2,759.25","Apr 13, 2020","2,811.00","2,819.50","2,711.00","2,759.25",1.57M,-1.00%,1.0%,$108.50,3.86%,,,,,,,,,,,,,,,,,,,,,,,,
"Apr 10, 2020","2,787.25","Apr 10, 2020","2,787.25","2,787.25","2,787.25","2,787.25",-,0.27%,0.3%,$0.00,0.00%,,,,,,,,,,,,,,,,,,,,,,,,
"Apr 09, 2020","2,779.75","Apr 09, 2020","2,737.75","2,809.50","2,701.00","2,779.75",2.34M,1.64%,1.6%,$108.50,3.96%,,,,,,,,,,,,,,,,,,,,,,,,
"Apr 08, 2020","2,735.00","Apr 08, 2020","2,640.50","2,752.50","2,620.75","2,735.00",1.92M,3.52%,3.5%,$131.75,4.99%,,,,,,,,,,,,,,,,,,,,,,,,
"Apr 07, 2020","2,642.00","Apr 07, 2020","2,645.50","2,750.00","2,623.50","2,642.00",2.49M,-0.09%,0.1%,$126.50,4.78%,,,,,,,,,,,,,,,,,,,,,,,,
"Apr 06, 2020","2,644.50","Apr 06, 2020","2,485.00","2,668.50","2,484.75","2,644.50",2.03M,6.51%,6.5%,$183.75,7.39%,,,,,,,,,,,,,,,,,,,,,,,,
"Apr 03, 2020","2,482.75","Apr 03, 2020","2,513.75","2,529.50","2,449.00","2,482.75",1.76M,-1.34%,1.3%,$80.50,3.20%,,,,,,,,,,,,,,,,,,,,,,,,
"Apr 02, 2020","2,516.50","Apr 02, 2020","2,459.00","2,525.00","2,424.75","2,516.50",2.15M,2.80%,2.8%,$100.25,4.08%,,,,,,,,,,,,,,,,,,,,,,,,
"Apr 01, 2020","2,448.00","Apr 01, 2020","2,562.00","2,562.25","2,434.25","2,448.00",2.09M,-4.74%,4.7%,$128.00,5.00%,,,,,,,,,,,,,,,,,,,,,,,,
"Mar 31, 2020","2,569.75","Mar 31, 2020","2,613.25","2,635.75","2,555.75","2,569.75",2.25M,-1.59%,1.6%,$80.00,3.06%,,,,,,,,,,,,,,,,,,,,,,,,
"Mar 30, 2020","2,611.25","Mar 30, 2020","2,459.00","2,621.75","2,445.00","2,611.25",1.84M,3.46%,3.5%,$176.75,7.19%,,,,,,,,,,,,,,,,,,,,,,,,
"Mar 27, 2020","2,524.00","Mar 27, 2020","2,627.75","2,634.50","2,505.25","2,524.00",2.32M,-3.22%,3.2%,$129.25,4.92%,,,,,,,,,,,,,,,,,,,,,,,,
"Mar 26, 2020","2,608.00","Mar 26, 2020","2,471.00","2,625.75","2,402.25","2,608.00",2.41M,5.72%,5.7%,$223.50,9.04%,,,,,,,,,,,,,,,,,,,,,,,,
"Mar 25, 2020","2,467.00","Mar 25, 2020","2,442.75","2,560.75","2,386.00","2,467.00",3.04M,1.19%,1.2%,$174.75,7.15%,,,,,,,,,,,,,,,,,,,,,,,,
"Mar 24, 2020","2,438.00","Mar 24, 2020","2,233.25","2,447.75","2,230.50","2,438.00",2.64M,9.80%,9.8%,$217.25,9.73%,,,,,,,,,,,,,,,,,,,,,,,,
"Mar 23, 2020","2,220.50","Mar 23, 2020","2,220.25","2,386.00","2,174.00","2,220.50",3.08M,-8.92%,8.9%,$212.00,9.55%,,,,,,,,,,,,,,,,,,,,,,,,
"Mar 20, 2020","2,437.98","Mar 20, 2020","2,364.25","2,512.75","2,346.25","2,437.98",71.68K,1.45%,1.5%,$166.50,7.04%,,,,,,,,,,,,,,,,,,,,,,,,
"Mar 19, 2020","2,403.25","Mar 19, 2020","2,414.25","2,474.00","2,288.00","2,403.25",631.23K,-0.45%,0.5%,$186.00,7.70%,,,,,,,,,,,,,,,,,,,,,,,,
"Mar 18, 2020","2,414.00","Mar 18, 2020","2,478.50","2,498.00","2,274.75","2,414.00",976.54K,-3.27%,3.3%,$223.25,9.01%,,,,,,,,,,,,,,,,,,,,,,,,
"Mar 17, 2020","2,495.50","Mar 17, 2020","2,417.25","2,554.50","2,365.00","2,495.50",1.68M,3.28%,3.3%,$189.50,7.84%,,,,,,,,,,,,,,,,,,,,,,,,
"Mar 16, 2020","2,416.25","Mar 16, 2020","2,673.75","2,675.00","2,360.25","2,416.25",2.38M,-10.38%,10.4%,$314.75,11.77%,,,,,,,,,,,,,,,,,,,,,,,,
"Mar 13, 2020","2,696.00","Mar 13, 2020","2,429.50","2,707.75","2,393.50","2,696.00",3.42M,9.19%,9.2%,$314.25,12.93%,,,,,,,,,,,,,,,,,,,,,,,,
"Mar 12, 2020","2,469.00","Mar 12, 2020","2,738.00","2,774.00","2,442.50","2,469.00",4.37M,-9.90%,9.9%,$331.50,12.11%,,,,,,,,,,,,,,,,,,,,,,,,
"Mar 11, 2020","2,740.25","Mar 11, 2020","2,859.50","2,869.50","2,702.75","2,740.25",2.99M,-4.38%,4.4%,$166.75,5.83%,,,,,,,,,,,,,,,,,,,,,,,,
"Mar 10, 2020","2,865.75","Mar 10, 2020","2,733.00","2,884.75","2,695.25","2,865.75",3.42M,4.29%,4.3%,$189.50,6.93%,,,,,,,,,,,,,,,,,,,,,,,,
"Mar 09, 2020","2,747.75","Mar 09, 2020","2,916.00","2,916.00","2,715.00","2,747.75",2.67M,-7.30%,7.3%,$201.00,6.89%,,,,,,,,,,,,,,,,,,,,,,,,
"Mar 06, 2020","2,964.00","Mar 06, 2020","3,024.25","3,037.00","2,898.00","2,964.00",3.16M,-1.71%,1.7%,$139.00,4.60%,,,,,,,,,,,,,,,,,,,,,,,,
"Mar 05, 2020","3,015.50","Mar 05, 2020","3,109.25","3,113.75","2,996.50","3,015.50",2.81M,-3.19%,3.2%,$117.25,3.77%,,,,,,,,,,,,,,,,,,,,,,,,
"Mar 04, 2020","3,114.75","Mar 04, 2020","2,988.25","3,129.50","2,976.50","3,114.75",2.59M,3.93%,3.9%,$153.00,5.12%,,,,,,,,,,,,,,,,,,,,,,,,
"Mar 03, 2020","2,997.00","Mar 03, 2020","3,077.00","3,137.00","2,973.00","2,997.00",3.75M,-2.22%,2.2%,$164.00,5.33%,,,,,,,,,,,,,,,,,,,,,,,,
"Mar 02, 2020","3,065.00","Mar 02, 2020","2,900.00","3,093.25","2,889.25","3,065.00",3.69M,3.86%,3.9%,$204.00,7.03%,,,,,,,,,,,,,,,,,,,,,,,,
"Feb 28, 2020","2,951.00","Feb 28, 2020","2,950.00","2,996.00","2,853.25","2,951.00",5.72M,-0.20%,0.2%,$142.75,4.84%,,,,,,,,,,,,,,,,,,,,,,,,
"Feb 27, 2020","2,957.00","Feb 27, 2020","3,100.25","3,117.00","2,944.50","2,957.00",4.73M,-4.93%,4.9%,$172.50,5.56%,,,,,,,,,,,,,,,,,,,,,,,,
"Feb 26, 2020","3,110.25","Feb 26, 2020","3,138.00","3,182.00","3,091.00","3,110.25",3.89M,-0.71%,0.7%,$91.00,2.90%,,,,,,,,,,,,,,,,,,,,,,,,
"Feb 25, 2020","3,132.50","Feb 25, 2020","3,223.00","3,259.50","3,117.25","3,132.50",4.38M,-2.91%,2.9%,$142.25,4.41%,,,,,,,,,,,,,,,,,,,,,,,,
"Feb 24, 2020","3,226.25","Feb 24, 2020","3,309.00","3,312.00","3,213.75","3,226.25",3.64M,-3.38%,3.4%,$98.25,2.97%,,,,,,,,,,,,,,,,,,,,,,,,
"Feb 21, 2020","3,339.25","Feb 21, 2020","3,367.00","3,369.25","3,328.00","3,339.25",2.29M,-0.89%,0.9%,$41.25,1.23%,,,,,,,,,,,,,,,,,,,,,,,,
"Feb 20, 2020","3,369.25","Feb 20, 2020","3,391.75","3,397.50","3,339.25","3,369.25",2.07M,-0.53%,0.5%,$58.25,1.72%,,,,,,,,,,,,,,,,,,,,,,,,
"Feb 19, 2020","3,387.25","Feb 19, 2020","3,372.00","3,393.75","3,370.75","3,387.25",1.16M,0.53%,0.5%,$23.00,0.68%,,,,,,,,,,,,,,,,,,,,,,,,
"Feb 18, 2020","3,369.25","Feb 18, 2020","3,382.25","3,392.50","3,355.25","3,369.25",1.74M,-0.20%,0.2%,$37.25,1.10%,,,,,,,,,,,,,,,,,,,,,,,,
"Feb 17, 2020","3,376.00","Feb 17, 2020","3,387.62","3,392.38","3,372.12","3,376.00",-,-0.34%,0.3%,$20.26,0.60%,,,,,,,,,,,,,,,,,,,,,,,,
"Feb 16, 2020","3,387.38","Feb 16, 2020","3,382.62","3,389.38","3,382.62","3,387.38",-,0.19%,0.2%,$6.76,0.20%,,,,,,,,,,,,,,,,,,,,,,,,
"Feb 14, 2020","3,381.00","Feb 14, 2020","3,379.50","3,388.50","3,365.25","3,381.00",1.33M,0.10%,0.1%,$23.25,0.69%,,,,,,,,,,,,,,,,,,,,,,,,
"Feb 13, 2020","3,377.50","Feb 13, 2020","3,381.25","3,384.75","3,348.50","3,377.50",1.77M,-0.09%,0.1%,$36.25,1.07%,,,,,,,,,,,,,,,,,,,,,,,,
"Feb 12, 2020","3,380.50","Feb 12, 2020","3,360.50","3,381.50","3,355.50","3,380.50",1.23M,0.69%,0.7%,$26.00,0.77%,,,,,,,,,,,,,,,,,,,,,,,,
"Feb 11, 2020","3,357.50","Feb 11, 2020","3,351.00","3,374.50","3,349.25","3,357.50",1.49M,0.13%,0.1%,$25.25,0.75%,,,,,,,,,,,,,,,,,,,,,,,,
"Feb 10, 2020","3,353.00","Feb 10, 2020","3,322.25","3,353.50","3,303.50","3,353.00",1.40M,0.83%,0.8%,$50.00,1.51%,,,,,,,,,,,,,,,,,,,,,,,,
"Feb 07, 2020","3,325.50","Feb 07, 2020","3,349.00","3,350.00","3,320.75","3,325.50",1.70M,-0.59%,0.6%,$29.25,0.87%,,,,,,,,,,,,,,,,,,,,,,,,
"Feb 06, 2020","3,345.25","Feb 06, 2020","3,337.00","3,357.75","3,332.50","3,345.25",1.46M,0.31%,0.3%,$25.25,0.76%,,,,,,,,,,,,,,,,,,,,,,,,
"Feb 05, 2020","3,335.00","Feb 05, 2020","3,300.25","3,338.00","3,288.25","3,335.00",2.05M,1.08%,1.1%,$49.75,1.51%,,,,,,,,,,,,,,,,,,,,,,,,
"Feb 04, 2020","3,299.50","Feb 04, 2020","3,244.25","3,305.25","3,236.00","3,299.50",1.70M,1.66%,1.7%,$69.25,2.13%,,,,,,,,,,,,,,,,,,,,,,,,
"Feb 03, 2020","3,245.50","Feb 03, 2020","3,222.75","3,267.25","3,222.00","3,245.50",1.92M,0.67%,0.7%,$45.25,1.40%,,,,,,,,,,,,,,,,,,,,,,,,
